ID,Kanton,Ort,Unternehmen
CHE-470.329.565,AG - Aargau,Oberentfelden,Bäckerei Röösli
CHE-150.447.450,AG - Aargau,Sarmenstorf,Bäckerei Ruckli AG
CHE-183.998.797,SG - St. Gallen,St. Gallen,Bäckerei Ruppeiner AG
CHE-285.849.594,SG - St. Gallen,Niederbüren,Bäckerei Schäfli Roswita Stolz
CHE-105.790.686,BE - Bern,Ursenbach,Bäckerei Schär
CHE-112.161.308,SZ - Schwyz,Rothenthurm,Bäckerei Schnüriger GmbH
CHE-107.655.674,AG - Aargau,Bremgarten (AG),Bäckerei Schwager GmbH
CHE-107.804.537,LU - Luzern,Willisau,Bäckerei Schwegler GmbH
CHE-109.088.421,SG - St. Gallen,St. Gallen,Bäckerei Schwyter AG
CHE-103.415.409,BE - Bern,Zäziwil,Bäckerei Siegfried
CHE-102.764.971,LU - Luzern,Sempach,Bäckerei Christen AG
CHE-279.810.193,ZH - Zürich,Hedingen,Bäckerei Conditorei Confiserie Pfyl AG
CHE-110.492.160,BE - Bern,Ostermundigen,"BÄCKEREI CONFISERIE BACKBORD, LORENZ MOSER, BEATRICE MOSER"
CHE-115.564.068,LU - Luzern,Emmen,Bäckerei Confiserie Bucher AG
CHE-114.972.619,BE - Bern,Steffisburg,Bäckerei Confiserie Galli AG
CHE-412.619.094,BL - Basel-Landschaft,Reinach (BL),Bäckerei Confiserie Grellinger AG
CHE-403.888.011,BS - Basel-Stadt,Basel,Bäckerei Confiserie Grellinger AG
CHE-114.078.894,SO - Solothurn,Olten,Bäckerei Dili GmbH
CHE-259.888.200,AG - Aargau,Killwangen,Bäckerei Dimen GmbH
CHE-105.900.182,SG - St. Gallen,Diepoldsau,Bäckerei Dörig GmbH Diepoldsau
CHE-472.136.586,BE - Bern,Bern,Bäckerei Bohnenblust AG
CHE-107.161.923,ZH - Zürich,Brütten,Bäckerei Bosshart
CHE-115.385.318,FR - Fribourg,Ueberstorf,Bäckerei Brotbrösmeli GmbH
CHE-105.739.461,SZ - Schwyz,Schübelbach,Bäckerei Bruhin
CHE-427.231.072,LU - Luzern,Dierikon,Bäckerei Brunner AG
CHE-107.737.622,BS - Basel-Stadt,Basel,Bäckerei Bumann
CHE-107.974.783,AG - Aargau,Lengnau (AG),Bäckerei Bürgi
CHE-113.716.054,LU - Luzern,Eschenbach (LU),Bäckerei Café Brioche AG
CHE-109.538.921,UR - Uri,Schattdorf,Bäckerei Café Herger Max GmbH
CHE-413.304.753,ZH - Zürich,Zürich,Bäckerei Caffè Latte Teneqëja
CHE-113.973.800,AG - Aargau,Oberkulm,Bäckerei Speck
CHE-112.763.476,AG - Aargau,Baden,Bäckerei Spitzbueb AG
CHE-105.767.693,GR - Graubünden,Haldenstein,Bäckerei Stäubli AG
CHE-109.692.433,BE - Bern,Schangnau,"Bäckerei Stein, P. Riedwyl"
CHE-114.324.159,LU - Luzern,Meierskappel,Bäckerei Steinegger AG
CHE-105.797.211,BE - Bern,Riggisberg,Bäckerei Steiner
CHE-115.771.992,LU - Luzern,Menznau,Bäckerei Stöckli GmbH
CHE-461.112.618,LU - Luzern,Schötz,Bäckerei Suter AG
CHE-107.066.472,SG - St. Gallen,Uzwil,Bäckerei Taverna
CHE-363.238.951,BE - Bern,Niederbipp,Bäckerei Tea Room Bieri AG
CHE-106.013.220,ZG - Zug,Cham,Bäckerei Nussbaumer AG
CHE-115.564.720,LU - Luzern,Reiden,Bäckerei Nyffenegger GmbH
CHE-114.487.212,BL - Basel-Landschaft,Dittingen,Bäckerei Oehler
CHE-344.077.848,BE - Bern,Thunstetten,Bäckerei Patric Inniger
CHE-107.256.759,SG - St. Gallen,Mels,Bäckerei Pfiffner AG
CHE-352.859.132,ZH - Zürich,Dietikon,Bäckerei Plüss im Limmatfeld GmbH
CHE-114.776.656,BL - Basel-Landschaft,Sissach,Bäckerei R. Sutter
CHE-495.977.444,BE - Bern,Ferenbalm,Bäckerei Rebsamen GmbH
CHE-458.438.338,TG - Thurgau,Gachnang,Bäckerei Rigazzi GmbH
CHE-105.996.182,BE - Bern,Ins,Bäckerei Ritter
CHE-418.409.916,SO - Solothurn,Zuchwil,Bäckerei DUO GmbH
CHE-107.140.915,SG - St. Gallen,Lütisburg,Bäckerei Eigenmann AG Lütisburg
CHE-254.289.529,SO - Solothurn,Wolfwil,Bäckerei Erni GmbH
CHE-105.232.682,BS - Basel-Stadt,Basel,Bäckerei FIRAT GmbH
CHE-114.111.994,BE - Bern,Ersigen,Bäckerei Fischer GmbH
CHE-110.441.010,ZH - Zürich,Niederglatt,Bäckerei Fleischli-Stiftung
CHE-107.757.984,FR - Fribourg,Plaffeien,Bäckerei Fontana AG
CHE-145.166.459,SG - St. Gallen,Buchs (SG),Bäckerei Frick AG
CHE-199.871.665,BL - Basel-Landschaft,Augst,Bäckerei Gaugler AG
CHE-109.574.839,BS - Basel-Stadt,Riehen,Bäckerei Gerber GmbH
CHE-283.796.656,TG - Thurgau,Sulgen,Bäckerei-Konditorei Schiess AG
CHE-109.101.205,AR - Appenzell A. Rh.,Herisau,Bäckerei-Konditorei Schläpfer GmbH
CHE-101.846.170,BS - Basel-Stadt,Basel,Bäckerei-Konditorei Schneider Inh. Felix Burkhardt
CHE-105.079.601,LU - Luzern,Pfaffnau,Bäckerei-Konditorei Schwizer
CHE-200.733.552,GR - Graubünden,Vaz/Obervaz,Bäckerei-Konditorei Sebregondi AG
CHE-250.347.122,AG - Aargau,Gontenschwil,Bäckerei-Konditorei Sollberger
CHE-107.254.163,BE - Bern,Sigriswil,Bäckerei-Konditorei Spicher
CHE-114.614.108,SG - St. Gallen,Wartau,Bäckerei-Konditorei Spirig & Berchtold GmbH
CHE-102.042.783,BE - Bern,Köniz,Bäckerei-Konditorei Staub AG in Liquidation
CHE-109.816.072,BE - Bern,Bern,Bäckerei-Konditorei Sterchi AG
CHE-107.242.705,LU - Luzern,Luzern,Bäckerei-Konditorei Peter Müller
CHE-107.294.027,SG - St. Gallen,Oberriet (SG),Bäckerei-Konditorei R. Lüchinger
CHE-167.213.481,FR - Fribourg,Plasselb,Bäckerei-Konditorei Rappo GmbH
CHE-106.897.306,GL - Glarus,Glarus,Bäckerei-Konditorei Reichmuth
CHE-106.937.199,ZH - Zürich,Embrach,Bäckerei-Konditorei Robert Genter
CHE-110.098.113,LU - Luzern,Ballwil,Bäckerei-Konditorei Rosenegg Arturo Egidio-Bühler
CHE-115.832.168,BE - Bern,Köniz,Bäckerei-Konditorei Röthlisberger
CHE-107.297.356,SG - St. Gallen,Oberriet (SG),Bäckerei-Konditorei Rothus Inhaber Adolf Stieger
CHE-108.221.344,SG - St. Gallen,Ebnat-Kappel,Bäckerei-Konditorei Schambron
CHE-105.800.209,BE - Bern,Huttwil,Bäckerei-Konditorei Schär
CHE-262.284.540,BE - Bern,Thun,Bäckerei Göbel
CHE-109.056.579,ZH - Zürich,Zürich,Bäckerei Gold AG
CHE-422.600.038,SO - Solothurn,Riedholz,Bäckerei Graber GmbH
CHE-435.619.780,AG - Aargau,Staufen,Bäckerei Gradwohl GmbH
CHE-107.175.428,BE - Bern,Biel/Bienne,Bäckerei Grob AG
CHE-105.821.192,FR - Fribourg,Ulmiz,Bäckerei Gutknecht AG
CHE-486.652.262,GR - Graubünden,Landquart,Bäckerei Gwerder & Ziegler AG
CHE-278.858.754,GR - Graubünden,Chur,Bäckerei Gwerder AG
CHE-106.927.605,SH - Schaffhausen,Hallau,Bäckerei Häfeli AG Hallau
CHE-113.084.811,ZH - Zürich,Zürich,Bäckerei Happy AG
CHE-113.157.019,BE - Bern,Bern,Bäckerei Mödinger GmbH
CHE-107.809.598,FR - Fribourg,Wünnewil-Flamatt,Bäckerei Montero
CHE-468.291.953,ZH - Zürich,Niederweningen,Bäckerei Moor gmbh
CHE-116.209.109,BE - Bern,Heimberg,Bäckerei Moser
CHE-115.797.336,SG - St. Gallen,Thal,Bäckerei Motzer AG
CHE-267.165.977,SO - Solothurn,Solothurn,Bäckerei Müller AG
CHE-107.189.146,BE - Bern,Reichenbach im Kandertal,"Bäckerei Mürner, Inhaber Sonja + Rolf Hari-Mürner"
CHE-148.400.597,AR - Appenzell A. Rh.,Heiden,Bäckerei Nellie AG
CHE-158.768.395,BE - Bern,Schangnau,Bäckerei Neuenschwander AG
CHE-476.114.477,ZH - Zürich,Schlieren,Bäckerei Neuhof GmbH
CHE-107.221.985,BE - Bern,Saanen,Bäckerei Andreas Fend-Müller
CHE-112.676.819,BL - Basel-Landschaft,Zwingen,Bäckerei Anklin/Stebler GmbH
CHE-101.699.207,GR - Graubünden,Thusis,Bäckerei Attenhofer AG
CHE-135.614.628,ZH - Zürich,Niederglatt,Bäckerei Backstein GmbH
CHE-459.169.218,ZH - Zürich,Richterswil,Bäckerei Baggenstoss GmbH
CHE-114.940.944,SZ - Schwyz,Lachen,Bäckerei Bähler GmbH
CHE-109.269.230,ZG - Zug,Zug,Bäckerei Baumgartner
CHE-106.848.176,GL - Glarus,Glarus,Bäckerei Beeler GmbH in Liquidation
CHE-473.509.833,BE - Bern,Schangnau,Bäckerei Bieri KlG
CHE-112.014.015,SG - St. Gallen,Wil (SG),Bäckerei Bisegger GmbH
CHE-193.500.199,BS - Basel-Stadt,Basel,Bäckerei Konditorei Café Meier
CHE-114.448.583,AG - Aargau,Oberlunkhofen,Bäckerei Konditorei Confiserie Haas
CHE-278.962.802,UR - Uri,Bürglen (UR),Bäckerei Konditorei Confiserie Schillig GmbH
CHE-110.195.673,SG - St. Gallen,Rapperswil-Jona,Bäckerei Konditorei Confiserie Wick AG
CHE-107.266.918,SG - St. Gallen,Oberbüren,Bäckerei Konditorei Dörig
CHE-276.039.461,BE - Bern,Thun,"Bäckerei Konditorei Fahrni, Nachfolger Heinz Geissbühler"
CHE-361.794.690,GR - Graubünden,Breil/Brigels,Bäckerei Konditorei Gabriel AG
CHE-113.643.314,BE - Bern,Aeschi bei Spiez,Bäckerei Konditorei Graber
CHE-166.810.220,BE - Bern,Jegenstorf,Bäckerei Konditorei Grossenbacher AG
CHE-152.889.089,ZH - Zürich,Marthalen,Bäckerei Konditorei Gut
CHE-107.965.011,TG - Thurgau,Arbon,Bäckerei Konditorei Hackebeil
CHE-105.811.029,SG - St. Gallen,Kaltbrunn,Bäckerei Konditorei Hess AG in Liquidation
CHE-107.278.867,LU - Luzern,Triengen,Bäckerei Konditorei Hunger AG
CHE-111.754.799,ZH - Zürich,Zürich,Bäckerei Konditorei Hürlimann AG
CHE-107.283.182,LU - Luzern,Luthern,Bäckerei Konditorei Lebensmittel Urs Kunz
CHE-350.873.629,BE - Bern,Unterseen,Bäckerei Konditorei Mohler Inhaber R. Abplanalp
CHE-271.876.828,LU - Luzern,Luzern,Bäckerei Konditorei Odermatt GmbH
CHE-112.017.433,SG - St. Gallen,Waldkirch,Bäckerei Konditorei P. Scheiwiller
CHE-449.372.864,BE - Bern,Röthenbach im Emmental,Bäckerei Konditorei Schenk
CHE-107.286.631,SG - St. Gallen,Sennwald,Bäckerei Konditorei Siegrist GmbH
CHE-204.892.391,BE - Bern,Langenthal,Bäckerei / Konditorei Ganz
CHE-346.380.826,AG - Aargau,Zofingen,Bäckerei / Konditorei Leutwyler GmbH
CHE-105.022.067,BE - Bern,Langnau im Emmental,Bäckerei / Konditorei Rüegger GmbH
CHE-105.756.488,VS - Brig (Oberwallis),Leuk,Bäckerei A. Mathieu-Zumstein AG
CHE-107.351.748,AR - Appenzell A. Rh.,Herisau,Bäckerei Abderhalden
CHE-107.254.772,SG - St. Gallen,Wattwil,Bäckerei Abderhalden AG Wattwil
CHE-100.206.039,FR - Fribourg,Murten,Bäckerei Aebersold GmbH
CHE-265.077.575,TG - Thurgau,Fischingen,Bäckerei Allenspach GmbH
CHE-198.680.660,BL - Basel-Landschaft,Münchenstein,Bäckerei alpascha GmbH
CHE-264.368.722,LU - Luzern,Büron,Bäckerei Amrein AG
CHE-240.641.011,SZ - Schwyz,Feusisberg,"Bäckerei ""gsund"" AG"
CHE-114.960.579,ZH - Zürich,Zürich,Bäckerei & Catering M Janicijevic
CHE-102.073.772,VS - Brig (Oberwallis),Zermatt,"Bäckerei & Konditorei, Biner & Co."
CHE-115.910.495,AG - Aargau,Wölflinswil,Bäckerei + Party-Service Sandra Bircher
CHE-112.034.070,LU - Luzern,Willisau,Bäckerei - Konditorei - Café Gut
CHE-107.195.164,SO - Solothurn,Erlinsbach (SO),Bäckerei - Konditorei - Lebensmittel Leuenberger
CHE-109.306.718,BE - Bern,Adelboden,Bäckerei - Konditorei - Lebensmittel Oester
CHE-438.593.065,GR - Graubünden,Tujetsch,"Bäckerei - Konditorei Adula, Georg Schmid und Josefin Burri"
CHE-116.198.463,BE - Bern,Uetendorf,Bäckerei - Konditorei D. Pfister
CHE-313.666.724,BE - Bern,Langnau im Emmental,Bäckerei - Konditorei Eichenberger AG
CHE-421.307.156,SG - St. Gallen,St. Gallen,Bäckerei La Panetteria GmbH
CHE-221.328.826,BE - Bern,Bern,Bäckerei Lanz AG
CHE-112.999.866,SO - Solothurn,Derendingen,Bäckerei Laube AG
CHE-107.228.119,LU - Luzern,Escholzmatt-Marbach,Bäckerei Lötscher AG
CHE-110.623.120,BE - Bern,Burgdorf,Bäckerei M. Leuenberger
CHE-109.269.514,ZH - Zürich,Zürich,Bäckerei Maria del Carmen Nieto GmbH
CHE-107.226.267,BE - Bern,Hilterfingen,Bäckerei Markus Ryser
CHE-112.340.495,SZ - Schwyz,Wollerau,Bäckerei Marty Conditorei GmbH
CHE-102.477.419,BE - Bern,Bern,Bäckerei Meyer GmbH
CHE-114.086.801,BE - Bern,Adelboden,Bäckerei Michel GmbH
CHE-109.987.130,BS - Basel-Stadt,Basel,Bäckerei Konditorei Singaraja Sivaji Philip Manohara
CHE-318.918.809,SO - Solothurn,Biberist,Bäckerei Konditorei Staudenmann GmbH
CHE-303.070.085,ZH - Zürich,Zürich,Bäckerei Konditorei Tanner
CHE-261.654.166,TG - Thurgau,Frauenfeld,Bäckerei Konditorei Teixeira GmbH
CHE-381.184.891,SG - St. Gallen,Rüthi (SG),Bäckerei Konditorei Zeller AG
CHE-112.279.795,FR - Fribourg,Kerzers,Bäckerei Krähenbühl GmbH
CHE-106.785.541,VS - Brig (Oberwallis),Mörel-Filet,Bäckerei Kronig Charly
CHE-251.235.804,LU - Luzern,Grosswangen,Bäckerei Krummenacher AG
CHE-492.709.723,TG - Thurgau,Altnau,Bäckerei Kunz GmbH
CHE-105.828.515,SG - St. Gallen,St. Margrethen,Bäckerei Künzler GmbH
CHE-115.132.898,AI - Appenzell I. Rh.,Rüte,BÄCKEREI - KONDITOREI FÄSSLER
CHE-109.386.806,AG - Aargau,Aarau,"Bäckerei - Konditorei Furter, Nachfolger Mario Monaco-Oesch"
CHE-114.920.189,BE - Bern,St. Stephan,Bäckerei - Konditorei Gübeli
CHE-107.066.035,AG - Aargau,Muhen,Bäckerei - Konditorei Hermann
CHE-106.154.151,BE - Bern,Orpund,Bäckerei - Konditorei Jean-Pierre Grindat
CHE-107.148.259,BE - Bern,Zollikofen,Bäckerei - Konditorei Leuenberger
CHE-200.539.725,AG - Aargau,Böttstein,Bäckerei - Konditorei Maier GmbH
CHE-105.728.428,GL - Glarus,Glarus Nord,Bäckerei - Konditorei Märchy GmbH
CHE-107.695.188,GR - Graubünden,Scuol,Bäckerei - Konditorei Not Clalüna
CHE-112.494.017,SO - Solothurn,Kappel (SO),Bäckerei - Konditorei Unternährer & Co
CHE-105.751.657,BE - Bern,Ostermundigen,Bäckerei-Konditorei Ch. + I. Muralt
CHE-112.128.512,ZH - Zürich,Uster,Bäckerei-Konditorei Daniel Brunner
CHE-105.591.342,BE - Bern,Ostermundigen,Bäckerei-Konditorei Dänzer GmbH
CHE-106.967.585,ZH - Zürich,Illnau-Effretikon,Bäckerei-Konditorei Doris Nüssli
CHE-359.547.656,SG - St. Gallen,Wil (SG),Bäckerei-Konditorei Eberle AG
CHE-107.988.549,BE - Bern,Reutigen,"Bäckerei-Konditorei Eggen, T. Manetsch-Lutz"
CHE-400.182.498,LU - Luzern,Hasle (LU),Bäckerei-Konditorei Emmenegger GmbH
CHE-114.402.718,BE - Bern,Rohrbach,Bäckerei-Konditorei Esther Reinbold-Friedli
CHE-107.972.666,SG - St. Gallen,Ebnat-Kappel,Bäckerei-Konditorei Forrer
CHE-109.472.587,AG - Aargau,Obersiggenthal,Bäckerei-Konditorei Frei AG
CHE-105.986.692,BE - Bern,Erlenbach im Simmental,Bäckerei-Konditorei Bieri Alfred
CHE-112.752.219,ZH - Zürich,Hinwil,Bäckerei-Konditorei Bolliger
CHE-388.691.628,SO - Solothurn,Dulliken,Bäckerei-Konditorei Borer GmbH
CHE-110.352.599,ZH - Zürich,Winterthur,Bäckerei-Konditorei Börner
CHE-107.192.119,BE - Bern,Interlaken,Bäckerei-Konditorei Bruno und Beatrice Reinle
CHE-266.271.430,VS - Brig (Oberwallis),Saas-Fee,Bäckerei-Konditorei Bumann AG
CHE-355.236.938,TG - Thurgau,Kreuzlingen,Bäckerei-Konditorei Bürgin GmbH
CHE-115.969.749,AG - Aargau,Muri (AG),Bäckerei-Konditorei Bütler
CHE-109.502.610,VS - Brig (Oberwallis),Leukerbad,Bäckerei-Konditorei Café La Bohème GmbH
CHE-310.996.906,SG - St. Gallen,Wildhaus-Alt St. Johann,Bäckerei-Konditorei Café Schweizer & Co.
CHE-112.806.720,BE - Bern,Thun,Bäckerei-Café Willy Egli AG
CHE-106.317.341,BE - Bern,Roggwil (BE),Bäckerei-Café Zulauf AG
CHE-432.152.024,ZH - Zürich,Niederglatt,Bäckerei-Conditorei Fleischli AG
CHE-107.288.423,SG - St. Gallen,Nesslau,Bäckerei-Conditorei Hinder
CHE-107.526.769,GR - Graubünden,Andeer,Bäckerei-Conditorei Köfler
CHE-105.778.797,AG - Aargau,Möriken-Wildegg,Bäckerei-Conditorei W. Moosberger
CHE-161.261.085,LU - Luzern,Hochdorf,Bäckerei-Confiserie Koch AG
CHE-289.307.116,AG - Aargau,Veltheim (AG),Bäckerei-Confiserie Richner AG
CHE-427.352.818,GR - Graubünden,Arosa,Bäckerei-Confiserie Widmer
CHE-110.497.915,BE - Bern,Kirchberg (BE),Bäckerei-Confiserie Woodtli & Weber
CHE-143.726.755,VS - Brig (Oberwallis),Grächen,"Bäckerei/Konditorei Muri's Produkte, Williner Moritz"
CHE-110.602.224,AG - Aargau,Niederwil (AG),Bäckereiservice Hunkeler
CHE-107.208.476,BE - Bern,Lenk,Bäckerei-Confiserie-Café Kuhnen GmbH
CHE-423.821.599,ZH - Zürich,Richterswil,Bäckerei-Konditorei & Café Pascal Dobler
CHE-113.466.242,SZ - Schwyz,Küssnacht (SZ),Bäckerei-Konditorei & Café Vogel GmbH
CHE-332.997.417,VS - Brig (Oberwallis),Stalden (VS),Bäckerei-Konditorei A. Zuber AG
CHE-107.229.857,BE - Bern,Unterlangenegg,Bäckerei-Konditorei Aebersold-Baumann
CHE-286.022.924,BE - Bern,Köniz,Bäckerei-Konditorei Aegerter AG
CHE-105.776.284,AG - Aargau,Endingen,Bäckerei-Konditorei Alt
CHE-105.408.656,BE - Bern,Konolfingen,Bäckerei-Konditorei B. Kindler + B. Hiltbrunner
CHE-106.057.387,SG - St. Gallen,St. Gallen,"Bäckerei-Konditorei Beck Beck, Inh. H. Gmür"
CHE-105.741.067,NW - Nidwalden,Buochs,Bäckerei-Konditorei Bergamin
CHE-107.083.298,AG - Aargau,Aarau,Bäckerei zur Kettenbrücke M. Leutwiler
CHE-107.180.240,BE - Bern,Dotzigen,"Bäckerei, Konditorei Fahrni"
CHE-189.036.773,ZH - Zürich,Adliswil,"Bäckerei, Konditorei Winter, Ilic Milovan"
CHE-106.833.950,SH - Schaffhausen,Stein am Rhein,"Bäckerei, Konditorei, Café ""Zum Steinenen Trauben"" Walz"
CHE-110.597.445,BS - Basel-Stadt,Basel,"Bäckerei, Konditorei, Confiserie Mock"
CHE-105.384.814,BE - Bern,Sigriswil,"Bäckerei, Konditorei, Lebensmittel E. Fahrni"
CHE-106.986.387,VS - Brig (Oberwallis),Saas-Fee,"Bäckerei, Tea-Room und Garni Imseng"
CHE-115.764.041,ZH - Zürich,Bonstetten,Bäckerei-Café Betschart
CHE-214.578.660,AG - Aargau,Hunzenschwil,Bäckerei-Café Kohler AG
CHE-112.409.371,LU - Luzern,Hitzkirch,Bäckerei-Café Meyer AG
CHE-108.035.907,AG - Aargau,Bözberg,Bäckerei-Konditorei Hirt
CHE-107.166.984,ZH - Zürich,Seuzach,Bäckerei-Konditorei Hollenstein
CHE-107.178.421,BE - Bern,Biel/Bienne,Bäckerei-Konditorei Holliger
CHE-107.137.089,AG - Aargau,Oberwil-Lieli,Bäckerei-Konditorei Huber
CHE-107.232.428,BE - Bern,Sumiswald,Bäckerei-Konditorei Huber
CHE-109.289.787,VS - Brig (Oberwallis),Kippel,Bäckerei-Konditorei Hugo Ebener
CHE-319.177.518,SO - Solothurn,Lüterkofen-Ichertswil,Bäckerei-Konditorei Ingold
CHE-105.152.534,BE - Bern,Gals,Bäckerei-Konditorei Jenni
CHE-105.802.510,LU - Luzern,Luzern,Bäckerei-Konditorei Josef Kreyenbühl
CHE-470.719.009,SG - St. Gallen,Kirchberg (SG),Bäckerei-Konditorei Jung (Beck Jung)
CHE-112.831.847,FR - Fribourg,Fribourg,Bäckerei-Konditorei Waeber GmbH
CHE-110.572.735,BE - Bern,Oberdiessbach,Bäckerei-Konditorei Wegmüller
CHE-114.265.166,BE - Bern,Krattigen,Bäckerei-Konditorei Widmer
CHE-105.747.733,ZH - Zürich,Langnau am Albis,Bäckerei-Konditorei Widmer AG
CHE-268.364.717,AG - Aargau,Niederwil (AG),Bäckerei-Konditorei Wirth
CHE-109.966.346,BE - Bern,Lenk,"Bäckerei-Konditorei zum Brotegge, M. Godderidge"
CHE-108.555.489,BE - Bern,Steffisburg,"Bäckerei-Konditorei, Tea-Room Spatz, Amstutz"
CHE-112.646.103,ZH - Zürich,Bauma,"Bäckerei-Konditorei, Theodor Rathgeb"
CHE-141.952.134,TG - Thurgau,Sirnach,Bäckerei-Konditorei-Café Botti GmbH
CHE-109.455.086,BE - Bern,Thun,"Bäckerei-Konditorei-Café Brötie, Nachfolger Ulrich Käser"
CHE-108.094.442,LU - Luzern,Sursee,Bäckerei-Konditorei Stocker AG
CHE-107.109.839,AG - Aargau,Seengen,Bäckerei-Konditorei Studler AG
CHE-109.802.466,AG - Aargau,Unterlunkhofen,Bäckerei-Konditorei Stutz GmbH
CHE-113.030.672,BE - Bern,Stettlen,Bäckerei-Konditorei Thomas Gautschi
CHE-109.484.142,LU - Luzern,Weggis,Bäckerei-Konditorei Tschumi AG
CHE-107.201.014,BE - Bern,Kandergrund,Bäckerei-Konditorei U. Schnidrig
CHE-285.280.174,ZH - Zürich,Horgen,Bäckerei-Konditorei Vetterli
CHE-402.020.872,BE - Bern,Lauterbrunnen,Bäckerei-Konditorei Vincenz AG
CHE-396.408.680,ZH - Zürich,Küsnacht (ZH),Bäckerei-Konditorei von Burg AG
CHE-114.926.039,AG - Aargau,Brittnau,Bäckerei-Konditorei Waber AG
CHE-107.291.997,SG - St. Gallen,Diepoldsau,Bäckerei-Konditorei Fuchs
CHE-112.297.818,TG - Thurgau,Egnach,Bäckerei-Konditorei Funk GmbH
CHE-109.602.890,LU - Luzern,Malters,Bäckerei-Konditorei Gasser
CHE-107.072.679,AG - Aargau,Suhr,"Bäckerei-Konditorei Gasser, Nachfolger N. Lio"
CHE-384.599.165,AR - Appenzell A. Rh.,Urnäsch,Bäckerei-Konditorei Gerig GmbH
CHE-358.805.637,BE - Bern,Seedorf (BE),Bäckerei-Konditorei Gutjahr GmbH
CHE-217.477.469,AG - Aargau,Zetzwil,Bäckerei-Konditorei Gysi AG
CHE-235.581.633,BE - Bern,Trubschachen,Bäckerei-Konditorei Habegger
CHE-481.662.744,AG - Aargau,Seengen,Bäckerei-Konditorei Hächler AG
CHE-278.066.115,AG - Aargau,Lenzburg,Bäckerei-Konditorei Haller AG
CHE-232.936.792,FR - Fribourg,Rechthalten,Bäckerei Tea-Room Burg AG
CHE-368.973.791,LU - Luzern,Hergiswil bei Willisau,Bäckerei Thalmann GmbH
CHE-109.386.025,ZH - Zürich,Winterthur,Bäckerei Tokay GmbH
CHE-105.795.123,BE - Bern,Orpund,Bäckerei und Restaurant Linde AG
CHE-175.263.937,SG - St. Gallen,Oberuzwil,Bäckerei Wagner AG
CHE-107.193.142,BE - Bern,Grindelwald,Bäckerei Wüthrich AG
CHE-107.283.549,SG - St. Gallen,Nesslau,Bäckerei Ziehler Konditorei
CHE-302.621.640,LU - Luzern,Schüpfheim,Bäckerei Zihlmann AG
CHE-104.748.701,FR - Fribourg,Plaffeien,Bäckerei Zosso
CHE-107.529.779,SG - St. Gallen,Au (SG),"Bäckerei zum Engel, Keller"
CHE-234.076.108,BE - Bern,Mühleberg,Bäckerei Kaffee Spontan GmbH
CHE-229.442.348,TG - Thurgau,Berlingen,Bäckerei Kafi Berlinge Nüesch
CHE-106.848.555,AR - Appenzell A. Rh.,Reute (AR),Bäckerei Kast AG
CHE-108.640.735,SZ - Schwyz,Tuggen,Bäckerei Knobel GmbH
CHE-107.068.399,AR - Appenzell A. Rh.,Teufen (AR),Bäckerei Koller GmbH
CHE-145.311.649,GR - Graubünden,Tujetsch,Bäckerei Konditorei Adula GmbH
CHE-107.469.657,AG - Aargau,Sins,Bäckerei Konditorei Albert Fähndrich
CHE-391.154.650,SG - St. Gallen,Rheineck,Bäckerei Konditorei Bachmann GmbH
CHE-265.591.932,BE - Bern,Wichtrach,Bäckerei Konditorei Bruderer AG
CHE-109.384.807,ZH - Zürich,Zürich,BÄCKEREI KONDITOREI CAFÉ HAUSAMMANN
CHE-209.788.536,LU - Luzern,Luzern,Bäckerei-Konditorei-Café Moos Fabienne GmbH
CHE-110.641.098,AG - Aargau,Villnachern,Bäckerei-Konditorei-Café Mor GmbH
CHE-108.076.272,GR - Graubünden,Zizers,Bäckerei-Konditorei-Café P. Signer
CHE-165.612.999,BE - Bern,Grindelwald,Bäckerei-Konditorei-Café Ringgenberg GmbH
CHE-357.846.160,AG - Aargau,Reinach (AG),Bäckerei-Konditorei-Café Schulz & Co.
CHE-231.254.678,GR - Graubünden,Davos,Bäckerei-Konditorei-Café Weber AG
CHE-114.518.114,LU - Luzern,Ruswil,Bäckerei-Konditorei-Confiserie Erni
CHE-479.879.777,AG - Aargau,Klingnau,Bäckerei-Konditorei-Confiserie Gfeller AG
CHE-107.732.458,BS - Basel-Stadt,Basel,Bäckerei-Konditorei-Confiserie Krebs
CHE-114.582.253,AR - Appenzell A. Rh.,Herisau,"Bäckerei-Konditorei-Confiserie Schläpfer, Inhaber Emil Knöpfel"
CHE-108.763.757,BE - Bern,Köniz,"Bäckerei-Konditorei Karl Wüthrich, Café Cat"
CHE-110.574.898,SZ - Schwyz,Reichenburg,"Bäckerei-Konditorei Kistler, Inhaber Bruno Schirmer"
CHE-252.198.241,SG - St. Gallen,Benken (SG),"Bäckerei-Konditorei Kistler, Inhaber Bruno Schirmer"
CHE-101.363.291,BE - Bern,Bätterkinden,"Bäckerei-Konditorei Knuchel, Inhaber H. Bichsel"
CHE-107.109.880,AG - Aargau,Waltenschwil,Bäckerei-Konditorei Köchli
CHE-237.658.100,BE - Bern,Bolligen,Bäckerei-Konditorei Krenger
CHE-106.805.586,AG - Aargau,Muri (AG),Bäckerei-Konditorei Kreyenbühl
CHE-357.408.647,AG - Aargau,Schinznach,Bäckerei-Konditorei Lehmann AG
CHE-107.182.262,BE - Bern,Hindelbank,Bäckerei-Konditorei Markus Bartlome
CHE-106.933.439,SO - Solothurn,Obergösgen,Bäckerei-Konditorei Markus Zimmermann
CHE-106.505.983,LU - Luzern,Luzern,Bäckerei-Konditorei Merz AG
CHE-453.139.911,BE - Bern,Brügg,Bäckerei-Konditorei Meyer KlG
CHE-109.834.874,SO - Solothurn,Selzach,Bäckerei-Konditorei Mischler
CHE-107.076.387,TG - Thurgau,Basadingen-Schlattingen,Bäckerei-Konditorei Möckli
CHE-459.143.377,ZH - Zürich,Wetzikon (ZH),Bäckerei-Konditorei Montanari GmbH
CHE-105.913.902,BL - Basel-Landschaft,Laufen,Bäckerei-Konditorei Niederberger-Giger
CHE-107.270.860,SG - St. Gallen,Uzwil,Bäckerei-Konditorei Niffeler AG
CHE-115.604.526,TG - Thurgau,Matzingen,Bäckerei-Konditorei Nyffenegger
CHE-107.255.352,SG - St. Gallen,Kirchberg (SG),Bäckerei-Konditorei Oswald AG
CHE-106.153.789,BE - Bern,Thun,Bäckerei-Konditorei P. Hirsbrunner
CHE-430.717.145,FR - Fribourg,Muntelier,Bäckerei Hauser GmbH
CHE-316.685.066,ZH - Zürich,Wetzikon (ZH),Bäckerei Haydar Aydin
CHE-105.458.565,UR - Uri,Attinghausen,Bäckerei Herger GmbH
CHE-107.377.245,ZG - Zug,Baar,Bäckerei Hotz Rust AG
CHE-309.283.840,AG - Aargau,Villmergen,Bäckerei im Zentrum Villmergen AG
CHE-101.901.892,VS - Brig (Oberwallis),Brig-Glis,Bäckerei Imboden AG
CHE-200.646.901,ZH - Zürich,Zürich,Bäckerei Imholz AG
CHE-113.326.285,BE - Bern,Linden,Bäckerei Jassbach GmbH
CHE-112.381.608,BS - Basel-Stadt,Basel,Bäckerei Jetzer GmbH
CHE-112.450.563,VS - Brig (Oberwallis),Visp,Bäckerei Josef Schwarz Visp AG
CHE-100.362.082,ZG - Zug,Cham,Bäckerei-Konditorei-Confiserie von Rotz GmbH
CHE-257.993.292,ZG - Zug,Steinhausen,Bäckerei-Konditorei-Confiserie von Rotz GmbH
CHE-157.338.603,BE - Bern,Adelboden,Bäckerei-Konditorei-Confiserie-Café Haueter
CHE-356.575.515,AG - Aargau,Suhr,Bäckerei-Konditorei-Confiserie-Tea Room M. + A. Leiser
CHE-105.888.724,BE - Bern,Seedorf (BE),Bäckerei-Konditorei-Lebensmittel Hugo Gutjahr
CHE-105.806.583,SG - St. Gallen,Mosnang,Bäckerei-Konditorei-Restaurant Brändle z. Rössli
CHE-107.777.260,GR - Graubünden,Seewis im Prättigau,"Bäckerei-Lebensmittel, M. Fausch"
CHE-105.862.630,BE - Bern,Bremgarten bei Bern,Bäckerei-Restaurant 'Chutze' AG
CHE-105.804.561,SG - St. Gallen,Mörschwil,Bäckerei-Restaurant Füger GmbH
CHE-393.342.760,VS - Brig (Oberwallis),Simplon,Bäckerei-Tea-Room Arnold
